Cati Conde,A
Juan Manuel Ruiz,A
David Ruiz,A
Javier Ruiz,A
Cristina Caballero,A
Mariola Conde,A
Luis Álvarez,A
Cecilia Álvarez,A
Luis Álvarez,A
Antonio Conde,A
Bella Gómez,A
Claudia Conde,A
Aitana Conde,A
Manuel Conde Pecino,A
Maria Dolores Rebollo,A
Eva Conde,A
Santi Blanco,A
Nicolás Casado,A
Manoli Fernández,A
María Casado,A
David Casado,A
Patricia Marchena,A
Carolina Ramirez,A
Carolina Pérez,A
Tomás Ramirez,A
Pepa García,A
Pope Delgado,A
María Delgado,A
Eva Cartés García,A
Ana Cartes,A
David Aragón,A
Enrique García,A
Angeles Lozano,A
Enrique García Lozano,A
Irene García Lozano,A
Joaquín Galán,A
María José Cruz,A
Marilo Mora,A
Alvaro Soubrier,A
Marta Soubrier,B
Pablo Cabanillas,B
Manolo Betanzos,A
Loli Barragán,A
Carmen Barragán,A
Isco Romero,A
Paco Arredondo,A
Paqui Sanchez,A
Miguel Ángel Hidalgo,A
Carmen Varo,A
Caty Heredia,A
Agustín Fernández,A
Manolo Olmedo,A
Paula Garrido,A
Natalia Martínez,B
Sergio Betanzos,B
Pablo Díaz,B
Cristina Fernández,B
Juan José Fernández,B
Mar Ochando,B
Elisa Arroyo,B
Alejandro Campina,B
Camen Romero Barragán,B
Sara García,B
Fernando Ávila,B
Maria Castillo,B
Salvador Pacheco,B
Juan Antonio Medel,B
Rocio Borrero,B
Celia Botello,B
Elena Camacho,B
Rosa Morales,B
Belén Crespo,A
Fran Valdayo,B
Margaux Ruiz,B
Eduardo Sánchez,B
Álvaro Aranda,B
Luis Hidalgo,B
Nahiara Becerríl,B
Andrés Gómez,B
Maria Fernández-Escribano,B
Maria Kaimaki,B
Alberto Rodriguez,B
Amor Vázquez,B
Rafa,B
Javier Fernández,B
Javier Espinosa,B
Sara Crespo,B
Carlos del Prado,B
Manuel Bustillo,B
Gabriela Caputo,B
Irene De la Fuente,B
Carolina Alonso,B
Carlos de la Torre,B
Pablo Laso,B
Monica Díaz,B
Kurro Arroyo,B
Virginia Bermejo,B
Jose Miguel Díaz,B
Paula Serrano,B